{"fiddler crab": 99.27873229980469, "yellow lady's slipper": 0.27929186820983887, "rock crab": 0.11374467611312866, "crayfish": 0.0618634931743145, "goldfish": 0.04602542147040367}