{"plastic bag": 65.20419311523438, "apron": 19.903779983520508, "diaper": 9.119404792785645, "T-shirt": 1.4495956897735596, "bra": 1.015844702720642}