{"table lamp": 61.30851364135742, "lampshade": 36.93321990966797, "spotlight": 1.247429609298706, "pole": 0.1446380764245987, "electric fan": 0.08466752618551254}